Timestamp,Grade level,Time on social media per day,Social media accounts,Most used platforms,Average followers on all social media,Post frequency,Media vs social use (Likert),Care about getting likes (Likert),Beg for likes frequency,Addicted to social media (Likert),Personal comfort expressing personal opinions (Likert),Others comfort expressing personal opinions (Likert),Most interacted influencers,Reach out from strangers frequency,Hacked status
10/15/2019 15:51:09,Grade 6,2 hours - 3 hours,5,"Instagram, Discord, YouTube",<100,Depends,3,1,Never,2,2,5,"PewDiePie, WillNE",Never,No
10/15/2019 20:16:15,Grade 9,3 hours - 4 hours,5,"Instagram, Tiktok, Whatsapp",600-900,Less than once a month or never,3,3,Never,4,2,4,I don't interact with influencers/celebrities,Often,No
10/15/2019 21:47:27,Grade 9,30 min - 1 hour,,"Instagram, Discord, Reddit",100-300,Once a month,3,3,Never,3,4,3,Sana,Sometimes,No
10/15/2019 21:57:13,Grade 9,1 hour - 2 hours,10,"Instagram, Twitter, Whatsapp",300-600,Once a month,3,1,Occasionally,4,2,4,"nct, blackpink, other kpop idols",Sometimes,No
10/15/2019 22:20:56,Grade 9,30 min - 1 hour,6,"Instagram, Discord, Whatsapp",100-300,Less than once a month or never,3,1,Never,2,2,3,They all suck.,Never,No
10/16/2019 9:28:29,Grade 7,Less than 30 minutes,5,"Instagram, Wechat, Whatsapp",100-300,Less than once a month or never,4,2,Never,2,3,3,,Rarely,No
10/16/2019 9:29:03,Grade 6,Less than 30 minutes,1,Discord,<100,Less than once a month or never,5,1,Never,2,1,3,I don't interact with influencers/celebrities,Rarely,No
10/16/2019 9:55:54,Grade 7,I don't use social media or I rarely use social media (less than once a day),1,"Facebook, Whatsapp",<100,Less than once a month or never,1,1,Never,1,1,2,I don't interact with influencers/celebrities,Never,No
10/16/2019 9:58:59,Grade 7,30 min - 1 hour,5,"Instagram, Discord, Whatsapp",100-300,Once a month,5,2,Never,3,3,3,I don't interact with influencers/celebrities,Never,No
10/16/2019 10:22:11,Grade 6,I don't use social media or I rarely use social media (less than once a day),0,I don't use any social media platforms,<100,Less than once a month or never,4,2,Never,1,3,3,I don't interact with influencers/celebrities,Never,No
10/16/2019 10:22:27,Grade 12,1 hour - 2 hours,6,"Instagram, Snapchat, Whatsapp",300-600,Less than once a month or never,5,1,Never,4,3,4,I don't interact with influencers/celebrities,Rarely,No
10/16/2019 10:29:27,,30 min - 1 hour,2,"Instagram, Whatsapp",100-300,Once a week,3,2,Never,1,3,3,"brent rivera, lexi rivera, etc",Often,No
10/16/2019 10:30:25,Grade 6,30 min - 1 hour,5,"Instagram, Snapchat, Whatsapp",,I answer Whatsapps,3,2,Never,1,2,3,"Lele Pons, Billie Eilish",Often,No
10/16/2019 10:33:27,Grade 6,30 min - 1 hour,6,"Discord, Whatsapp, Youtube (the most)",100-300,Less than once a month or never,1,3,Sometimes,3,2,1,Ssundee,Rarely,No
10/16/2019 10:33:51,Grade 12,1 hour - 2 hours,7,"Facebook, Instagram, Discord",<100,Less than once a month or never,3,1,Never,1,4,3,Fischer's-フィッシャーズ-,Rarely,I have hacked others social media :)
10/16/2019 10:34:53,Grade 6,30 min - 1 hour,3,"Whatsapp, Twitch, Games",<100,Less than once a month or never,3,1,Never,4,1,5,"PewDiePie, Lazarbeam",Rarely,No
10/16/2019 10:48:40,Grade 7,Less than 30 minutes,5,"Instagram, Discord, Reddit",<100,Once a week,2,3,Never,3,2,3,I don't interact with influencers/celebrities,Rarely,No
10/16/2019 10:52:53,Grade 7,,3,"Instagram, Discord, Reddit",<100,Less than once a month or never,5,1,Never,1,5,3,PewDiePie,Rarely,No
10/16/2019 10:59:14,Grade 8,1 hour - 2 hours,,"Instagram, Twitter, Discord",100-300,Less than once a month or never,3,2,Never,4,1,5,"PewDiePie, I don't interact with influencers/celebrities",Sometimes,No
10/16/2019 11:00:54,Grade 6,30 min - 1 hour,4,"Discord, Reddit, Twitch",<100,Once a week,5,1,Never,3,5,5,"James Charles, PewDiePie",Rarely,No
10/16/2019 11:00:57,Grade 7,1 hour - 2 hours,5,"Twitter, Discord",300-600,Once a week,5,1,Never,2,3,4,I don't interact with influencers/celebrities,Sometimes,No
10/16/2019 11:01:52,Grade 6,30 min - 1 hour,4,"Discord, Reddit, Whatsapp",<100,Once a week,3,4,Never,4,4,5,PewDiePie,Rarely,No
10/16/2019 11:02:36,Grade 6,30 min - 1 hour,6,"Instagram, Tiktok, Whatsapp",100-300,Once a month,3,1,Never,1,4,3,PewDiePie,Never,No
10/16/2019 11:02:53,Grade 12,More than 4 hours,10,"Facebook, Instagram, Snapchat",>1500,Multiple times a day,5,5,Occasionally,5,5,5,"James Charles, Logan Paul, PewDiePie",Always,1780273891
10/16/2019 11:02:57,Grade 6,Less than 30 minutes,,"Discord, Whatsapp",<100,Less than once a month or never,5,1,Never,2,2,4,I don't interact with influencers/celebrities,Sometimes,No
10/16/2019 11:03:07,Grade 6,More than 4 hours,69420,"Instagram, Snapchat, Tiktok",>1500,Multiple times a day,1,5,Every time I post,1,1,1,"El Rubius, Liza Koshy, Amanda Cerny",Always,Yes
10/16/2019 11:05:18,Grade 6,30 min - 1 hour,4,"Discord, Reddit, Whatsapp",<100,Rarely Post,5,2,Never,2,5,3,"Dude Perfect, Sundee, Crainer.",Rarely,No
10/16/2019 11:06:23,Grade 6,1 hour - 2 hours,1,Instagram,100-300,Less than once a month or never,3,1,Never,1,1,1,None of the above,Rarely,No
10/16/2019 11:06:41,Grade 6,30 min - 1 hour,4,"Instagram, Twitter, Discord",<100,Once a month,5,2,Never,3,4,,"Brent Rivera, Lexi Rivera, Caleb Burton",Never,No
10/16/2019 11:07:03,Grade 6,1 hour - 2 hours,7,"Twitter, Discord, Reddit",<100,,3,1,Never,5,1,5,"PewDiePie, Ssundee",Sometimes,No
10/16/2019 11:07:38,Grade 6,30 min - 1 hour,8,"Instagram, Whatsapp, Twitch",100-300,Once a month,3,4,Sometimes,4,2,,F2 freestylers,Rarely,No
10/16/2019 11:19:56,Grade 7,30 min - 1 hour,5,"Reddit, Whatsapp",100-300,Once a week,4,1,Never,4,5,4,"PewDiePie, Lost pause, jacksepticeye ",Rarely,No
10/16/2019 11:30:47,Grade 8,Less than 30 minutes,1,Discord,<100,Less than once a month or never,5,1,Never,1,2,3,I don't interact with influencers/celebrities,Sometimes,No
10/16/2019 11:32:06,Grade 8,30 min - 1 hour,7,"Instagram, Discord, Whatsapp",<100,Once a month,3,2,Never,3,2,3,Technoblade,Always,No
10/16/2019 11:33:24,Grade 8,2 hours - 3 hours,2,"Wechat, Whatsapp",<100,I only use whatsapp and wechat,5,1,Never,3,2,3,"Dude Perfect, ssundee",Rarely,No
10/16/2019 11:35:51,Grade 7,,3,"Instagram, Discord, Whatsapp",<100,Less than once a month or never,5,1,Never,1,2,5,I don't interact with influencers/celebrities,Rarely,No
10/16/2019 11:42:24,Grade 6,Less than 30 minutes,,"Discord, Whatsapp",,,5,,Never,1,,5,,Never,No
10/16/2019 11:55:35,Grade 8,I don't use social media or I rarely use social media (less than once a day),,"Twitter, Discord, Wechat",<100,NEVER (l just check for game stuff XD),1,1,Never,1,1,1,I don't interact with influencers/celebrities,Often,No
10/16/2019 12:07:10,Grade 7,1 hour - 2 hours,7,"Instagram, Snapchat, Tiktok",100-300,few times a week,4,4,Never,4,5,5,"PewDiePie, Willmakememesforfood and stdabbers",Rarely,Yes
10/16/2019 12:08:34,Grade 7,Less than 30 minutes,1,"Discord, Reddit",<100,Less than once a month or never,4,1,Never,2,3,5,"PewDiePie, Jacksepticeye",Never,No
10/16/2019 12:24:10,Grade 9,I don't use social media or I rarely use social media (less than once a day),4,"Instagram, Whatsapp",100-300,Once a month,4,3,Never,3,4,3,I don't interact with influencers/celebrities,Rarely,No
10/16/2019 12:40:59,Grade 7,2 hours - 3 hours,3,"Instagram, Tiktok, Whatsapp",<100,Once every half a month,3,,Sometimes,4,4,3,I don't interact with influencers/celebrities,Often,No
10/16/2019 12:49:34,Grade 8,2 hours - 3 hours,10,"Instagram, Wechat, Whatsapp",100-300,"depends on my mood, around twice-thrice a month",3,2,Never,4,3,3,"BTS, Kpop idols & groups, Avengers Cast",Sometimes,No
10/16/2019 13:54:22,Grade 6,30 min - 1 hour,3,"Instagram, Snapchat, Whatsapp",600-900,Once a week,3,2,Never,2,3,3,"PewDiePie, Dude Perfect, Lele Pons",Rarely,Yes
10/16/2019 13:55:02,Grade 8,30 min - 1 hour,13,"Facebook, Instagram, Whatsapp",300-600,Once a month,3,2,Occasionally,3,5,5,Dude Perfect,Always,Yes
10/16/2019 14:09:35,Grade 11,1 hour - 2 hours,13,"Instagram, Twitter, Discord",<100,Once a week,3,2,Never,4,2,4,"PewDiePie, ryan higa, lilly singh",Rarely,No
10/16/2019 14:10:48,Grade 7,Less than 30 minutes,,Whatsapp,<100,Less than once a month or never,4,3,Never,3,3,3,MatPat,Rarely,No
10/16/2019 14:13:02,Grade 11,3 hours - 4 hours,4,"Instagram, Whatsapp, Skype",900-1500,Once a day,3,2,Occasionally,3,2,4,"PewDiePie, Yes Theory , Shane Dawson ",Rarely,Not YET don't wanna jinx it
10/16/2019 14:15:05,Grade 7,1 hour - 2 hours,2,"Instagram, Whatsapp",300-600,Once a week,2,4,Occasionally,4,1,2,"Lele Pons, Liza Koshy, Juanpa Zurita",Sometimes,Yes
10/16/2019 14:22:39,Grade 11,1 hour - 2 hours,7,"Instagram, Reddit, Whatsapp",<100,Less than once a month or never,3,2,Never,3,2,4,I don't interact with influencers/celebrities,Never,No
10/16/2019 14:27:32,Grade 7,2 hours - 3 hours,7,"Instagram, Reddit, Whatsapp",100-300,Once a month,3,3,Never,3,3,3,PewDiePie,Rarely,No
10/16/2019 14:40:13,Grade 8,More than 4 hours,5,Reddit,<100,Once a month,4,1,Occasionally,4,1,2,"Huda Beauty, I don't interact with influencers/celebrities, edubs",Rarely,Yes
10/16/2019 15:24:12,Grade 7,2 hours - 3 hours,10,"Instagram, Whatsapp, youtube",300-600,Once a month,3,4,Occasionally,3,3,3,"Poke (Zack), DylanTheHyper",Never,No
10/16/2019 15:24:59,Grade 7,1 hour - 2 hours,8,"Instagram, Snapchat, Tiktok",300-600,Once a month,3,3,Occasionally,4,4,5,"Liza Koshy, benji krol, chase hudson, emma chamberlain",Sometimes,No
10/16/2019 15:26:31,Grade 7,1 hour - 2 hours,6,"Instagram, Whatsapp, youtube",100-300,Less than once a month or never,3,2,Never,1,3,3,PewDiePie,Rarely,No
10/16/2019 15:34:38,Grade 6,Less than 30 minutes,3,"Discord, Wechat, Hangouts",<100,Less than once a month or never,5,1,Never,1,4,4,I don't interact with influencers/celebrities,Never,No
10/16/2019 15:43:43,Grade 7,30 min - 1 hour,5,"Reddit, Whatsapp",100-300,Once a week,4,1,Never,4,5,4,"PewDiePie, Lost pause, jacksepticeye ",Rarely,No
10/16/2019 15:53:15,Grade 11,30 min - 1 hour,3,"Instagram, Snapchat, Whatsapp",300-600,Less than once a month or never,3,2,Occasionally,2,2,4,"Logan Paul, PewDiePie, KSI",Sometimes,No
10/16/2019 15:53:56,Grade 11,30 min - 1 hour,5,"Instagram, Snapchat, Whatsapp",100-300,Once a month,4,4,Never,3,3,3,"PewDiePie, The Sidemen, David Dobrik",Rarely,No
10/16/2019 15:54:03,Grade 11,30 min - 1 hour,5,"Instagram, Snapchat, Whatsapp",100-300,Once a month,4,4,Never,3,3,3,"PewDiePie, The Sidemen, David Dobrik",Rarely,No
10/16/2019 15:54:39,Grade 11,1 hour - 2 hours,4,"Instagram, Snapchat, Reddit",100-300,Once a month,4,2,Occasionally,3,4,3,I don't interact with influencers/celebrities,Sometimes,No
10/16/2019 15:56:23,Grade 6,30 min - 1 hour,6,"Instagram, Twitter, Discord",100-300,Once a week,3,3,Never,3,3,3,"PewDiePie, BTS MEMES ",Sometimes,Yes
10/16/2019 16:09:31,Grade 10,More than 4 hours,4,"Instagram, Whatsapp, Youtube",100-300,Less than once a month or never,3,2,Never,2,2,3,"PewDiePie, Dude Perfect, Markiplier",Rarely,No
10/16/2019 16:28:41,Grade 8,2 hours - 3 hours,8,"Twitter, Discord, Reddit",<100,Once a week,3,2,Never,3,3,4,"PewDiePie, Markiplier",Sometimes,No
10/16/2019 16:45:59,Grade 6,1 hour - 2 hours,2,"Instagram, Tiktok, Whatsapp",100-300,Less than once a month or never,3,3,Occasionally,4,3,3,"James Charles, Lele Pons, Ariana Grande",Rarely,Yes
10/16/2019 16:49:07,Grade 6,30 min - 1 hour,8,"Instagram, Discord, Whatsapp",<100,Less than once a month or never,4,2,Never,4,3,3,PewDiePie,Rarely,No
10/16/2019 17:19:02,Grade 7,I don't use social media or I rarely use social media (less than once a day),0,i share WhatsApp with my dad,600-900,,,,,,,,"Dude Perfect, Lele Pons, Liza Koshy",Never,No
10/16/2019 17:28:39,Grade 6,Less than 30 minutes,1,Discord,<100,Less than once a month or never,5,1,Never,1,1,1,I don't interact with influencers/celebrities,Never,No
10/16/2019 17:51:57,Grade 7,I don't use social media or I rarely use social media (less than once a day),2,"Whatsapp, I don't use any social media platforms, Youtube",<100,Once per 2-3 weeks,2,3,Never,2,1,5,none,Rarely,No
10/16/2019 17:55:45,Grade 7,I don't use social media or I rarely use social media (less than once a day),0,,,,,,Never,,,,"Dude Perfect, Lele Pons, Liza Koshy",Never,No
10/16/2019 18:14:43,Grade 7,30 min - 1 hour,3,"Wechat, Whatsapp, Youtube",<100,Less than once a month or never,3,3,Never,3,2,5,I don't interact with influencers/celebrities,Never,No
10/16/2019 18:18:47,Grade 8,More than 4 hours,11,"Discord, Twitch, Youtube",100-300,"twice a week-youtube, once a day-twitch",3,1,Never,4,3,4,Iskall85 and ilmango on twitch and yt,Rarely,No
10/16/2019 18:22:18,Grade 9,1 hour - 2 hours,8,"Instagram, Discord, Reddit",,Less than once a month or never,4,2,Every time I post,1,5,5,"James Charles, PewDiePie, Lazarbeam ",Often,No
10/16/2019 18:34:34,Grade 6,I don't use social media or I rarely use social media (less than once a day),0,I don't use any social media platforms,,,,,,1,,,I don't interact with influencers/celebrities,,
10/16/2019 19:02:52,Grade 7,1 hour - 2 hours,1,Discord,,Once a day,4,1,Never,2,3,4,"PewDiePie, Dude Perfect, Lazarbeam",Sometimes,No
10/16/2019 19:05:46,Grade 10,30 min - 1 hour,1,Whatsapp,<100,Less than once a month or never,5,1,Never,1,5,5,"Mostly comedy groups (Foil Arms and Hog), facts and analysis (Game Theory / CaptainDisillusion / In a Nutshell), or select musicians (Kurt Hugo Schneider)",Never,No
10/16/2019 19:16:11,Grade 7,30 min - 1 hour,5,"Tiktok, Discord, Tumblr",300-600,Once a week,3,1,Occasionally,2,3,3,Lele Pons,Sometimes,Yes
10/16/2019 19:20:21,Grade 7,1 hour - 2 hours,8,"Instagram, Snapchat, Tiktok",100-300,Once a month,2,4,Every time I post,2,1,3,,Rarely,No
10/16/2019 20:12:20,Grade 9,30 min - 1 hour,2,"Instagram, Youtube?",100-300,Less than once a month or never,4,2,Never,4,2,3,"I don't interact with influencers/celebrities, NBA players, Comedy",Often,No
10/16/2019 20:17:59,Grade 10,I don't use social media or I rarely use social media (less than once a day),2,"Whatsapp, Scratch (if it counts)",<100,Once a week,3,1,Never,1,3,3,"Wengie, Fun2Draw, Maxmello",Never,No
10/16/2019 20:32:31,Grade 6,I don't use social media or I rarely use social media (less than once a day),0,I don't use any social media platforms,,,,,,,,,,,
10/16/2019 20:33:47,Grade 6,30 min - 1 hour,2,"Whatsapp, YouTube, messenger ",<100,Multiple times a day,5,1,Never,2,4,4,"Bright side, tenntastic productions",Never,No
10/16/2019 21:02:02,Grade 7,I don't use social media or I rarely use social media (less than once a day),,I don't use any social media platforms,<100,Less than once a month or never,,,Never,1,,,PewDiePie,Never,No
10/16/2019 21:02:20,Grade 9,Less than 30 minutes,3,"Facebook, Whatsapp, Spotify",<100,Once a week,3,2,Never,1,1,1,Dude Perfect,Never,This question invades my privacy
10/16/2019 21:04:09,Grade 7,Less than 30 minutes,1,Discord,<100,Once a week,4,1,Never,2,4,2,Dude Perfect,Never,No
10/16/2019 21:08:01,Grade 7,30 min - 1 hour,6,"Facebook, Instagram, Whatsapp",100-300,Once a month,1,3,Never,2,4,4,I don't interact with influencers/celebrities,Sometimes,No
10/16/2019 21:10:56,Grade 9,More than 4 hours,6,"Instagram, Snapchat, Tiktok",>1500,Less than once a month or never,4,3,Never,4,1,,"PewDiePie, why are all of these ex viners ",Sometimes,Yes
10/16/2019 21:13:19,Grade 6,1 hour - 2 hours,14,"Instagram, Discord, Whatsapp",<100,Once a week,4,2,Never,2,2,2,,Sometimes,No
10/16/2019 21:20:59,Grade 7,Less than 30 minutes,2,"Instagram, Wechat, Whatsapp",300-600,Once a week,2,3,Sometimes,3,5,4,"Dude Perfect, F2 freestylers, SV2",Sometimes,I am not sure.
10/16/2019 21:38:14,Grade 9,1 hour - 2 hours,1,"Instagram, Tiktok, Whatsapp",300-600,Less than once a month or never,4,2,Never,2,3,4,I don't interact with influencers/celebrities,Sometimes,Yes
10/16/2019 22:25:16,Grade 7,3 hours - 4 hours,4,"Instagram, Snapchat, Whatsapp",100-300,Once a month,3,4,Never,3,3,2,I don't interact with influencers/celebrities,Sometimes,No
10/16/2019 22:46:19,Grade 9,1 hour - 2 hours,5,"Instagram, Twitter, Discord",300-600,Less than once a month or never,3,2,Never,4,2,4,BTS,Sometimes,No
10/17/2019 7:52:06,Grade 9,Less than 30 minutes,5,"Instagram, Reddit, Whatsapp",100-300,Less than once a month or never,1,2,Never,1,3,3,Movie actors,Rarely,No
10/17/2019 7:59:21,Grade 7,30 min - 1 hour,7,"Instagram, Tiktok, Youtube",<100,Once a month,3,2,Occasionally,4,2,2,PewDiePie,Never,No
10/17/2019 7:59:32,Grade 7,I don't use social media or I rarely use social media (less than once a day),5,,<100,Less than once a month or never,2,1,Never,1,3,2,,,No
10/17/2019 8:00:16,Grade 7,1 hour - 2 hours,4,"Instagram, Wechat, Whatsapp",300-600,Less than once a month or never,4,2,Occasionally,3,4,4,,Sometimes,No
10/17/2019 8:03:23,Grade 7,I don't use social media or I rarely use social media (less than once a day),0,I don't use any social media platforms,<100,Less than once a month or never,,,Never,1,,,"I don't interact with influencers/celebrities, I don't use social media",Never,I never use social media
10/17/2019 8:03:25,Grade 7,30 min - 1 hour,2,"Instagram, Tiktok, Whatsapp",300-600,Less than once a month or never,3,2,Never,4,3,5,"James Charles, Lele Pons, Liza Koshy",Sometimes,Yes
10/17/2019 8:03:26,Grade 7,30 min - 1 hour,2,"Discord, Youtube",<100,Less than once a month or never,1,1,Never,2,5,4,"PewDiePie, Dude Perfect, MOLT",Rarely,No
10/17/2019 8:03:40,Grade 7,1 hour - 2 hours,7,"Instagram, Discord, Whatsapp",<100,Once a week,1,1,Never,2,5,4,"PewDiePie, Dude Perfect, Command Zone",Rarely,No
10/17/2019 8:03:55,Grade 7,30 min - 1 hour,2,I don't use any of these social media platforms,<100,None,3,1,Never,2,2,1,PewDiePie,Rarely,No
10/17/2019 8:03:59,Grade 7,I don't use social media or I rarely use social media (less than once a day),1,Whatsapp,<100,Never,5,1,Never,1,2,3,I don't interact with influencers/celebrities,Never,No
10/17/2019 8:04:00,Grade 7,30 min - 1 hour,1,"Wechat, Whatsapp",<100,Never,,,Never,1,1,1,,Never,No
10/17/2019 8:05:08,Grade 7,I don't use social media or I rarely use social media (less than once a day),3,"Instagram, Reddit, Whatsapp",<100,Less than once a month or never,3,3,Never,2,3,3,ronaldo,Rarely,No
10/17/2019 8:05:33,Grade 7,2 hours - 3 hours,22,"Instagram, Discord, YouTube",>1500,Once a day,3,5,Often,5,4,3,"PewDiePie, DenisDaily",Often,No
10/17/2019 8:05:44,Grade 7,1 hour - 2 hours,2,"Instagram, Whatsapp",<100,When I find a cool photo(Not frequent),2,2,Never,2,2,5,I don't interact with influencers/celebrities,Rarely,No
10/17/2019 8:05:47,Grade 11,30 min - 1 hour,2,"Snapchat, Discord, Reddit",<100,Less than once a month or never,2,1,Never,1,1,4,"PewDiePie, Markiplier",Never,No
10/17/2019 8:05:51,Grade 11,30 min - 1 hour,4,"Instagram, Reddit, Whatsapp",300-600,Less than once a month or never,3,2,Never,3,2,3,PewDiePie,Sometimes,No
10/17/2019 8:05:59,Grade 6,30 min - 1 hour,4,"Instagram, Reddit, Whatsapp",300-600,Less than once a month or never,5,2,Occasionally,3,4,4,Liza Koshy,Often,No
10/17/2019 8:06:05,Grade 7,Less than 30 minutes,3,"Instagram, Wechat, Whatsapp",100-300,I don't,4,1,Never,2,2,4,I don't interact with influencers/celebrities,Sometimes,No
10/17/2019 8:06:07,Grade 7,I don't use social media or I rarely use social media (less than once a day),-9999999,I don't use any social media platforms,,Less than once a month or never,,,Never,,,,,Never,No
10/17/2019 8:06:27,Grade 11,2 hours - 3 hours,4,"Instagram, Snapchat, Reddit",300-600,Less than once a month or never,3,1,Never,1,3,3,I don't interact with influencers/celebrities,Sometimes,No
10/17/2019 8:06:27,Grade 6,30 min - 1 hour,8,"Instagram, Whatsapp, Twitch",100-300,Once a month,3,4,Sometimes,4,3,,,,
10/17/2019 8:06:31,Grade 7,30 min - 1 hour,,Whatsapp,,Less than once a month or never,5,2,Never,3,3,3,"Lele Pons, Liza Koshy",Never,No
10/17/2019 8:06:56,Grade 7,I don't use social media or I rarely use social media (less than once a day),-9999999,I don't use any social media platforms,,Less than once a month or never,,,Never,,,,,Never,No
10/17/2019 8:06:57,Grade 12,1 hour - 2 hours,30,"Instagram, Snapchat, Wechat",>1500,Less than once a month or never,2,5,Every time I post,4,1,2,"Lele Pons, Juanpa Zurita, Huda Beauty",Rarely,No
10/17/2019 8:06:59,Grade 7,I don't use social media or I rarely use social media (less than once a day),-9999999,I don't use any social media platforms,,Less than once a month or never,,,Never,,,,,Never,No
10/17/2019 8:07:03,Grade 7,30 min - 1 hour,1,Reddit,100-300,Once a month,4,1,Never,2,5,5,Joshua wong,Sometimes,No
10/17/2019 8:07:09,Grade 7,2 hours - 3 hours,7,"Instagram, Snapchat, Whatsapp",300-600,Less than once a month or never,3,3,Occasionally,4,2,4,"Lele Pons, Liza Koshy, Hannah stocking, brat tv",Rarely,No
10/17/2019 8:07:10,Grade 7,Less than 30 minutes,4,"Instagram, Discord, Whatsapp",<100,Less than once a month or never,4,2,Never,2,4,3,"PewDiePie, Dude Perfect, Markiplier",Rarely,No
10/17/2019 8:07:12,Grade 7,2 hours - 3 hours,4,"Facebook, Instagram, Whatsapp",100-300,Less than once a month or never,,1,Never,2,4,5,No one,Rarely,No
10/17/2019 8:07:13,Grade 7,30 min - 1 hour,5,"Instagram, Snapchat, Whatsapp",<100,Depends if I take photos where I actually look decent.,4,1,Never,1,3,5,"James Charles, Dude Perfect, I don't interact with influencers/celebrities",Never,No
10/17/2019 8:07:15,Grade 11,30 min - 1 hour,7,"Instagram, Snapchat, Whatsapp",100-300,Less than once a month or never,2,3,Never,3,3,3,I don't interact with influencers/celebrities,Rarely,No
10/17/2019 8:07:17,Grade 7,30 min - 1 hour,,"Instagram, Tiktok, Whatsapp",100-300,Once a week,2,2,Never,5,3,3,"Lele Pons, Juanpa Zurita, Hannah Stocking",Sometimes,No
10/17/2019 8:07:22,Grade 7,1 hour - 2 hours,,"Instagram, Discord, Wechat",300-600,Once a month,4,3,Never,2,3,4,Dude Perfect,Sometimes,No
10/17/2019 8:07:34,Grade 7,2 hours - 3 hours,2,"Snapchat, Whatsapp",<100,Less than once a month or never,5,3,Never,1,4,3,,Never,No
10/17/2019 8:07:37,Grade 7,Less than 30 minutes,5,"Instagram, Snapchat, Tiktok",100-300,Once a month,4,1,Never,2,,3,I don't interact with influencers/celebrities,Never,No
10/17/2019 8:07:38,Grade 7,30 min - 1 hour,5,"Instagram, Snapchat, Tiktok",100-300,Once a month,3,4,Every time I post,4,4,3,"James Charles, Dude Perfect, Lele Pons",Sometimes,No
10/17/2019 8:07:42,Grade 7,1 hour - 2 hours,1,"Instagram, Wechat, Whatsapp",100-300,Less than once a month or never,4,5,Never,2,3,4,,Rarely,No
10/17/2019 8:07:42,Grade 12,2 hours - 3 hours,3,"Instagram, Reddit, Whatsapp",300-600,Less than once a month or never,4,1,Never,3,3,4,I don't interact with influencers/celebrities,Rarely,No
10/17/2019 8:07:42,,,,,,,,,,,,,,,
10/17/2019 8:07:45,Grade 7,3 hours - 4 hours,3,"Instagram, Wechat, Whatsapp",100-300,Less than once a month or never,2,2,Never,3,4,3,"PewDiePie, Dude Perfect, Markiplier",Rarely,No
10/17/2019 8:07:45,Grade 7,I don't use social media or I rarely use social media (less than once a day),0,I don't use any social media platforms,<100,Less than once a month or never,5,1,Never,1,4,2,I don't interact with influencers/celebrities,Never,No
10/17/2019 8:07:47,Grade 11,1 hour - 2 hours,5,Instagram,900-1500,Less than once a month or never,,3,Never,3,1,3,I don't interact with influencers/celebrities,Rarely,No
10/17/2019 8:07:48,Grade 7,I don't use social media or I rarely use social media (less than once a day),0,"Discord, Whatsapp",<100,Less than once a month or never,5,1,Never,1,,,I don't interact with influencers/celebrities,Never,No
10/17/2019 8:07:52,Grade 7,1 hour - 2 hours,,"Whatsapp, Youtube",<100,Less than once a month or never,1,1,Never,2,2,3,I don't interact with influencers/celebrities,Never,No
10/17/2019 8:08:03,Grade 9,30 min - 1 hour,8,"Instagram, Twitter, Discord",100-300,Less than once a month or never,5,2,Never,2,2,4,"James Charles, PewDiePie",Rarely,No
10/17/2019 8:08:24,Grade 7,30 min - 1 hour,7,"Twitter, Discord, Whatsapp",100-300,Once a week,3,4,Never,2,3,4,"PewDiePie, Dude Perfect, A lot of others that have less followers",Sometimes,No
10/17/2019 8:08:36,Grade 7,I don't use social media or I rarely use social media (less than once a day),2,"Wechat, Whatsapp",<100,Less than once a month or never,4,1,Never,2,2,4,I don't interact with influencers/celebrities,Never,No
10/17/2019 8:08:37,Grade 9,30 min - 1 hour,4,"Instagram, Snapchat, Whatsapp",100-300,Less than once a month or never,4,1,Never,2,1,5,"Liza Koshy, Huda Beauty",Sometimes,No
10/17/2019 8:08:40,Grade 7,30 min - 1 hour,4,"Instagram, Tiktok, Whatsapp",600-900,Multiple times a day,4,2,Occasionally,4,5,4,"James Charles, Logan Paul, Lele Pons",Often,No
10/17/2019 8:08:49,Grade 9,1 hour - 2 hours,4,"Instagram, Tiktok, QQ",100-300,Less than once a month or never,3,2,Never,3,3,3,I don't interact with influencers/celebrities,Rarely,No
10/17/2019 8:08:54,Grade 12,Less than 30 minutes,3,"Facebook, Instagram, Whatsapp",100-300,Less than once a month or never,3,3,Never,3,3,3,I don't interact with influencers/celebrities,Never,No
10/17/2019 8:09:09,Grade 7,Less than 30 minutes,6,"Instagram, Wechat, Whatsapp",<100,Once a month,4,1,Never,2,4,2,Dude Perfect,Sometimes,Yes
10/17/2019 8:09:10,Grade 7,1 hour - 2 hours,7,"Instagram, Snapchat, Weibo",100-300,Less than once a month or never,3,2,Occasionally,4,3,3,"Selena Gomez, Everglow, Blackpink",Rarely,No
10/17/2019 8:09:17,Grade 7,2 hours - 3 hours,,"Instagram, Snapchat, Whatsapp",300-600,Once a month,3,4,Occasionally,5,4,5,I don't interact with influencers/celebrities,Always,No
10/17/2019 8:09:19,Grade 7,More than 4 hours,10,"Instagram, Snapchat, Tiktok",300-600,Less than once a month or never,1,5,Occasionally,5,5,5,"James Charles, Lele Pons, maddie zigler",Always,Yes
10/17/2019 8:09:22,Grade 7,I don't use social media or I rarely use social media (less than once a day),0,"Instagram, I don't use any social media platforms",<100,never,5,1,Never,1,1,5,I don't interact with influencers/celebrities,Never,I don't have social media
10/17/2019 8:09:26,Grade 7,I don't use social media or I rarely use social media (less than once a day),2,Wechat,<100,Less than once a month or never,1,2,Never,1,2,3,"PewDiePie, Dude Perfect",Rarely,No
10/17/2019 8:09:27,Grade 9,30 min - 1 hour,2,"Instagram, Wechat, Whatsapp",300-600,Less than once a month or never,4,3,Occasionally,3,3,4,Jared Dines,Sometimes,No
10/17/2019 8:09:30,Grade 7,1 hour - 2 hours,5,"Instagram, Snapchat, Whatsapp",100-300,Less than once a month or never,3,3,Occasionally,4,4,4,"James Charles, PewDiePie, Cameron Dallas",Sometimes,No
10/17/2019 8:09:30,Grade 7,1 hour - 2 hours,2,"Instagram, Whatsapp",300-600,Less than once a month or never,4,4,Occasionally,3,4,3,"PewDiePie, Dude Perfect",Rarely,No
10/17/2019 8:09:41,Grade 9,30 min - 1 hour,3,"Instagram, Discord, Whatsapp",100-300,Less than once a month or never,1,1,Never,1,2,4,"PewDiePie, Markiplier",Rarely,No
10/17/2019 8:09:46,Grade 9,1 hour - 2 hours,,"Instagram, Discord, Whatsapp",300-600,Less than once a month or never,4,2,Never,2,5,5,"PewDiePie, Dude Perfect, Top Gear",Sometimes,got hacked and was advertising a 1000 dollar Visa card.
10/17/2019 8:09:52,Grade 7,30 min - 1 hour,,"Discord, Reddit, Whatsapp",<100,Once a week,1,1,Never,2,5,5,"James Charles, PewDiePie, Technoblade",Sometimes,No
10/17/2019 8:09:59,Grade 7,30 min - 1 hour,3,"Instagram, Snapchat, Whatsapp",300-600,Less than once a month or never,3,2,Never,3,3,3,"Dude Perfect, Juanpa Zurita",Sometimes,No
10/17/2019 8:10:00,Grade 7,1 hour - 2 hours,5,"Instagram, Snapchat, Whatsapp",100-300,Once a month,3,2,Never,3,4,2,"Lele Pons, Brent  Rivera, Lexi Hensler, Ben Azlert, Lexi Brooke Rivera, Caleb Burrton(Idk How to Spell)",Rarely,No
10/17/2019 8:10:01,Grade 7,Less than 30 minutes,1,Discord,<100,Never.,3,1,Never,2,1,2,I don't interact with influencers/celebrities,Often,I Never did and Never will.
10/17/2019 8:10:05,Grade 7,1 hour - 2 hours,2,"Instagram, Whatsapp",300-600,Less than once a month or never,3,3,Sometimes,2,4,4,none,Rarely,No
10/17/2019 8:10:09,Grade 7,30 min - 1 hour,15,"Instagram, Discord, Wechat",100-300,2-3 times per month,4,3,Never,3,3,4,"Shawn Mendas, Ashley Angle",Sometimes,No
10/17/2019 8:10:11,Grade 7,Less than 30 minutes,2,Whatsapp,,"i only use whatsapp, so i reply when someone talks to me",5,2,Never,3,3,2,I don't interact with influencers/celebrities,Never,No
10/17/2019 8:10:12,Grade 7,1 hour - 2 hours,1,"Instagram, Snapchat, Whatsapp",300-600,Less than once a month or never,4,1,Never,3,3,4,I don't interact with influencers/celebrities,Often,No
10/17/2019 8:10:18,Grade 9,3 hours - 4 hours,11,"Instagram, Discord, Whatsapp",100-300,Less than once a month or never,3,3,Occasionally,3,4,3,"PewDiePie, Dude Perfect, Amanda Cerny",Rarely,No
10/17/2019 8:10:20,Grade 7,30 min - 1 hour,2,"Discord, Whatsapp",<100,Less than once a month or never,3,1,Never,1,3,4,I don't interact with influencers/celebrities,Often,No
10/17/2019 8:10:29,Grade 7,Less than 30 minutes,6,"Instagram, Reddit, Whatsapp",100-300,once every other day,4,,Never,3,4,3,"PewDiePie, Wisp and Skeppy",Sometimes,No
10/17/2019 8:10:30,Grade 10,1 hour - 2 hours,5,"Instagram, Snapchat, Whatsapp",300-600,Less than once a month or never,3,4,Never,3,3,3,,Rarely,Yes
10/17/2019 8:10:36,Grade 7,1 hour - 2 hours,10,"Instagram, Twitter, Whatsapp",300-600,Once a month,2,1,Occasionally,3,4,4,"PewDiePie, Football clips and Minecraft Content is the stuff I watch the most.",Rarely,No
10/17/2019 8:10:38,Grade 7,30 min - 1 hour,3,"Instagram, Snapchat, Twitter",300-600,Less than once a month or never,3,2,Sometimes,3,4,4,I don't interact with influencers/celebrities,Sometimes,No
10/17/2019 8:10:41,Grade 12,Less than 30 minutes,7,"Instagram, Reddit, Whatsapp",<100,Less than once a month or never,3,1,Never,2,2,4,"PewDiePie, Dude Perfect, Markiplier",Never,No
10/17/2019 8:10:45,Grade 7,30 min - 1 hour,4,"Instagram, Snapchat, Whatsapp",100-300,Less than once a month or never,3,3,Never,3,3,3,Lele Pons,Rarely,No
10/17/2019 8:10:57,Grade 12,1 hour - 2 hours,2,"Wechat, Whatsapp",<100,Once a month,3,4,Never,3,4,5,"Dude Perfect, I don't interact with influencers/celebrities",Never,No
10/17/2019 8:10:58,Grade 7,30 min - 1 hour,8,"Facebook, Instagram, Whatsapp",100-300,Once a month,3,2,Never,4,1,3,"PewDiePie, David Dobrik, Sidemen ",Sometimes,No
10/17/2019 8:10:58,Grade 7,I don't use social media or I rarely use social media (less than once a day),,Whatsapp,,,,,,,,,,,
10/17/2019 8:11:16,Grade 7,Less than 30 minutes,2,"Instagram, Whatsapp",300-600,Once a month,3,2,Never,2,2,2,"PewDiePie, Dude Perfect, Rudy mascaro ",Sometimes,No
10/17/2019 8:11:18,Grade 7,1 hour - 2 hours,4,"Instagram, Whatsapp",100-300,Once a month,5,3,Never,3,4,5,"Lele Pons, brent rivera, lexibrookrivera ",Always,No
10/17/2019 8:11:31,Grade 7,1 hour - 2 hours,5,"Instagram, Snapchat, Whatsapp",300-600,Less than once a month or never,3,5,Sometimes,4,5,4,PewDiePie,Often,No
10/17/2019 8:11:38,Grade 10,1 hour - 2 hours,24,"Instagram, Twitter, Whatsapp",300-600,Once a week,4,3,Never,5,3,5,I don't interact with influencers/celebrities,Rarely,No
10/17/2019 8:11:38,Grade 8,1 hour - 2 hours,3,"Instagram, Whatsapp",<100,never,2,1,Never,4,2,3,PewDiePie,Rarely,No
10/17/2019 8:11:58,Grade 7,I don't use social media or I rarely use social media (less than once a day),0,I don't use any social media platforms,,,,,,,,,I don't interact with influencers/celebrities,,
10/17/2019 8:12:02,Grade 10,1 hour - 2 hours,8,"Instagram, Discord, Tumblr",<100,Once a month,,1,Never,4,3,4,"PewDiePie, Markiplier",Never,No
10/17/2019 8:12:05,Grade 7,Less than 30 minutes,1,Whatsapp,<100,Less than once a month or never,4,1,Never,1,2,4,I don't interact with influencers/celebrities,Never,No
10/17/2019 8:12:08,Grade 10,1 hour - 2 hours,11,"Instagram, Discord, Whatsapp",<100,Less than once a month or never,4,2,Never,1,2,4,"PewDiePie, Yassuo, OfflineTV",Rarely,No
10/17/2019 8:12:14,Grade 7,30 min - 1 hour,2,"Wechat, Whatsapp, I don't use any social media platforms",<100,Less than once a month or never,5,1,Never,2,3,3,I don't interact with influencers/celebrities,Never,No
10/17/2019 8:12:15,Grade 8,3 hours - 4 hours,3,"Instagram, Snapchat, Whatsapp",300-600,Less than once a month or never,4,1,Never,3,3,4,I don't interact with influencers/celebrities,Rarely,Yes
10/17/2019 8:12:20,Grade 7,I don't use social media or I rarely use social media (less than once a day),5,"Twitter, Discord, Wechat",<100,Less than once a month or never,5,1,Never,1,1,5,I don't interact with influencers/celebrities,Never,No
10/17/2019 8:12:29,Grade 7,2 hours - 3 hours,7,"Instagram, Whatsapp, Twitch",100-300,Once a month,1,2,Occasionally,4,3,3,I don't interact with influencers/celebrities,Rarely,No
10/17/2019 8:12:42,Grade 7,30 min - 1 hour,9,"Reddit, Whatsapp, Twitch",100-300,Once a fortnight,2,3,Never,3,5,4,"PewDiePie, Lazarbeam",Sometimes,I hacked my account back
10/17/2019 8:13:05,Grade 8,1 hour - 2 hours,69,"Discord, Whatsapp, Twitch",<100,Less than once a month or never,5,1,Never,2,2,4,"Logan Paul, PewDiePie, Jake Paul",Rarely,No
10/17/2019 8:13:13,Grade 7,Less than 30 minutes,2,"Instagram, Whatsapp",100-300,Less than once a month or never,4,1,Never,1,,5,PewDiePie,Never,No
10/17/2019 8:13:38,Grade 7,I don't use social media or I rarely use social media (less than once a day),4,"Instagram, Twitter, Wechat",100-300,Once a month,2,2,Never,1,4,5,"Lele Pons, Jake Paul, Amanda Cerny",Sometimes,No
10/17/2019 8:13:43,Grade 7,2 hours - 3 hours,6,"Instagram, Snapchat, Whatsapp",300-600,Once a month,4,4,Occasionally,4,4,4,I don't interact with influencers/celebrities,Often,No
10/17/2019 8:13:46,Grade 9,2 hours - 3 hours,7,"Instagram, Snapchat, Whatsapp",300-600,Less than once a month or never,3,4,Every time I post,4,5,4,"David Dobrik, Ben Platt, Ren, YUNGBLUD",Sometimes,Idk
10/17/2019 8:13:46,Grade 6,Less than 30 minutes,8,"Instagram, Reddit, Whatsapp",<100,Less than once a month or never,4,2,Never,4,3,3,PewDiePie,Rarely,No
10/17/2019 8:13:48,Grade 7,3 hours - 4 hours,4,"Instagram, Snapchat, Tiktok",900-1500,Once a month,5,3,Every time I post,3,4,4,"billie eilish, shawn mendes, ariana grande",Always,No
10/17/2019 8:13:50,Grade 7,1 hour - 2 hours,4,"Instagram, Snapchat, Wechat",300-600,Less than once a month or never,3,3,Occasionally,4,3,4,BlackPink LalisaManoban Jennierubyjane ,Sometimes,No
10/17/2019 8:13:57,Grade 7,Less than 30 minutes,3,Wechat,<100,Less than once a month or never,5,1,Never,1,3,3,I don't interact with influencers/celebrities,Never,No
10/17/2019 8:14:02,Grade 7,2 hours - 3 hours,6,"Instagram, Tiktok, Whatsapp",300-600,Once a month,5,1,Never,3,4,3,Liza Koshy,Rarely,No
10/17/2019 8:14:05,Grade 7,1 hour - 2 hours,2,"Instagram, Discord, Whatsapp",300-600,Once a month,3,3,Occasionally,3,4,5,"Lele Pons, Juanpa Zurita, Jake Paul",Rarely,No
10/17/2019 8:14:08,Grade 8,2 hours - 3 hours,10,"Instagram, Discord, Wechat",<100,Once a month,3,2,Never,3,3,4,LazarBeam,Rarely,Yes
10/17/2019 8:14:44,Grade 8,More than 4 hours,8,"Instagram, Discord, Reddit",100-300,Multiple times a day,3,1,Never,3,5,4,"PewDiePie, Markiplier",Often,No
10/17/2019 8:14:46,Grade 7,30 min - 1 hour,5,"Instagram, Discord, Whatsapp",100-300,Less than once a month or never,3,2,Never,3,3,3,Other Stars,Rarely,No
10/17/2019 8:14:53,Grade 7,2 hours - 3 hours,15,"Instagram, Snapchat, Twitter",900-1500,Less than once a month or never,3,3,Occasionally,4,4,3,"James Charles, Lele Pons",Often,No
10/17/2019 8:15:03,Grade 6,I don't use social media or I rarely use social media (less than once a day),2,Instagram,<100,Once a month,4,3,Never,2,3,3,I don't interact with influencers/celebrities,Rarely,No
10/17/2019 8:15:03,Grade 7,1 hour - 2 hours,2,"Instagram, Discord, Whatsapp",100-300,Once a week,4,4,Occasionally,3,4,4,idk,Rarely,No
10/17/2019 8:15:22,Grade 7,1 hour - 2 hours,9,"Instagram, Twitter, Whatsapp",100-300,Less than once a month or never,4,1,Never,3,4,4,I don't interact with influencers/celebrities,Rarely,No
10/17/2019 8:15:26,Grade 7,1 hour - 2 hours,7,"Instagram, Snapchat, Tiktok",100-300,Once a month,4,3,Never,4,4,5,"PewDiePie, Dude Perfect, Mr beast ",Sometimes,No
10/17/2019 8:15:38,Grade 6,30 min - 1 hour,,"Discord, Whatsapp",,Less than once a month or never,5,,,1,3,3,,Never,No
10/17/2019 8:15:45,Grade 7,2 hours - 3 hours,3,"Instagram, Twitter, Whatsapp",100-300,Less than once a month or never,3,4,Occasionally,3,5,5,,Never,No
10/17/2019 8:15:50,Grade 8,30 min - 1 hour,8,"Instagram, Tiktok, Wechat",100-300,Once a week,3,3,Never,1,4,3,PewDiePie,Rarely,No
10/17/2019 8:16:05,Grade 7,Less than 30 minutes,1,Whatsapp,<100,never ,5,,Never,1,,,none,Never,No
10/17/2019 8:16:13,Grade 7,30 min - 1 hour,6,"Instagram, Snapchat, Whatsapp",100-300,Once a month,4,3,Occasionally,3,5,4,PewDiePie,Sometimes,No
10/17/2019 8:16:15,Grade 6,Less than 30 minutes,2,"Wechat, Whatsapp, nothing",<100,Once a month,3,2,Never,1,2,3,I don't interact with influencers/celebrities,Never,No
10/17/2019 8:16:20,Grade 6,1 hour - 2 hours,3,"Discord, Youtube",<100,Once a week,4,2,Sometimes,2,3,3,I don't interact with influencers/celebrities,Never,No
10/17/2019 8:16:22,Grade 8,Less than 30 minutes,3,"Instagram, Tiktok, Whatsapp",600-900,Less than once a month or never,3,3,Never,3,3,3,"PewDiePie, Dude Perfect, Shawn mendes, ed sheeran, olympic swimmers",Sometimes,No
10/17/2019 8:16:26,Grade 12,30 min - 1 hour,3,"Instagram, Snapchat, Reddit",100-300,Less than once a month or never,3,1,Never,2,3,3,PewDiePie,Never,Yes
10/17/2019 8:16:34,Grade 6,Less than 30 minutes,3,"Tiktok, Wechat, Whatsapp",100-300,I don't post anymore since I forgot my account password,3,1,Never,2,2,,,Never,No
10/17/2019 8:16:40,Grade 6,More than 4 hours,69,"Instagram, Snapchat, Tiktok",>1500,Multiple times a day,1,5,Every time I post,1,1,5,"James Charles, PewDiePie, Whindersson Nunes",Always,Yes
10/17/2019 8:16:44,Grade 7,30 min - 1 hour,5,"Instagram, Discord, Whatsapp",100-300,Less than once a month or never,3,1,Never,2,2,2,"Lele Pons, Liza Koshy",Rarely,No
10/17/2019 8:16:47,Grade 6,Less than 30 minutes,2,"Twitter, Discord",<100,"I never, I only chat with my friends and read posts.",5,1,Never,1,1,1,I don't interact with influencers/celebrities,Rarely,No
10/17/2019 8:16:53,Grade 8,30 min - 1 hour,1,Wechat,<100,Once a month,4,3,Never,2,3,3,9 Percent,Never,No
10/17/2019 8:16:58,Grade 6,Less than 30 minutes,3,"Instagram, Snapchat, Whatsapp",<100,Once a month,3,2,Never,1,1,2,I don't interact with influencers/celebrities,Never,No
10/17/2019 8:17:08,Grade 7,1 hour - 2 hours,10,"Instagram, Snapchat, Tiktok",300-600,Less than once a month or never,4,2,Occasionally,4,2,5,"James Charles, Lele Pons, I don't interact with influencers/celebrities",Always,No
10/17/2019 8:17:08,Grade 8,30 min - 1 hour,8,"Instagram, Twitter, Wechat",<100,Once a week,3,2,Never,4,3,4,BTS,Rarely,No
10/17/2019 8:17:53,Grade 12,More than 4 hours,7,"Facebook, Instagram, Snapchat",300-600,Less than once a month or never,3,3,Never,4,2,4,I don't interact with influencers/celebrities,Never,No
10/17/2019 8:18:15,Grade 12,2 hours - 3 hours,11,"Instagram, Snapchat, Whatsapp",900-1500,Less than once a month or never,3,1,Never,3,5,,"PewDiePie, Markiplier",Sometimes,No
10/17/2019 8:18:54,Grade 7,Less than 30 minutes,14,"Discord, Reddit, Twitch",<100,Less than once a month or never,5,1,Never,1,1,1,PewDiePie,Never,No
10/17/2019 8:20:32,Grade 12,30 min - 1 hour,4,"Instagram, Snapchat, Tumblr",<100,Less than once a month or never,3,2,Never,4,4,5,I don't interact with influencers/celebrities,Rarely,No
10/17/2019 8:25:26,Grade 8,30 min - 1 hour,2,"Instagram, Wechat",300-600,Less than once a month or never,3,1,Occasionally,3,2,4,I don't interact with influencers/celebrities,Often,No
10/17/2019 8:43:42,Grade 7,1 hour - 2 hours,4,"Snapchat, Tiktok, Whatsapp",100-300,Less than once a month or never,4,1,Never,2,3,4,I don't interact with influencers/celebrities,Sometimes,No
10/17/2019 9:01:39,Grade 12,30 min - 1 hour,3,"Facebook, Instagram, Whatsapp",600-900,Once a month,4,2,Occasionally,2,3,3,,Sometimes,No
10/17/2019 9:40:47,Grade 6,30 min - 1 hour,7,"Instagram, Snapchat, Whatsapp",<100,Less than once a month or never,2,3,Never,2,2,3,I don't interact with influencers/celebrities,Rarely,No
10/17/2019 9:54:12,Grade 7,Less than 30 minutes,4,Wechat,<100,Once a month,4,3,,3,4,3,I don't interact with influencers/celebrities,Rarely,No
10/17/2019 9:55:40,Grade 7,Less than 30 minutes,3,"Wechat, Whatsapp, You Tube",<100,Less than once a month or never,3,1,Never,2,2,4,I don't interact with influencers/celebrities,Never,No
10/17/2019 10:02:03,Grade 7,Less than 30 minutes,1,Whatsapp,<100,Less than once a month or never,5,1,Never,1,1,1,None,Rarely,No
10/17/2019 10:03:05,Grade 7,Less than 30 minutes,2,"Wechat, Hangouts",<100,Less than once a month or never,5,1,Never,1,3,3,I don't interact with influencers/celebrities,Never,No
10/17/2019 11:28:37,Grade 6,Less than 30 minutes,2,Wechat,<100,Once a day,4,2,Occasionally,2,4,5,"Dude Perfect, Swiss001",Rarely,Yes
10/17/2019 11:33:31,Grade 7,3 hours - 4 hours,8,"Instagram, Discord, Whatsapp",300-600,Once a month,2,4,Never,4,2,4,"PewDiePie, I don't interact with influencers/celebrities",Often,No
10/17/2019 11:36:11,Grade 6,2 hours - 3 hours,0,Whatsapp,<100,Multiple times a day,1,1,Never,1,3,,Dude Perfect,Never,No
10/17/2019 11:44:02,Grade 12,More than 4 hours,3,"Instagram, Snapchat, Reddit",300-600,Once a month,3,4,Occasionally,4,4,4,I don't interact with influencers/celebrities,Rarely,Yes
10/17/2019 11:44:51,Grade 6,1 hour - 2 hours,4,"Instagram, Wechat, reddit and twitter",<100,Once a week,3,2,Never,4,4,3,"PewDiePie, Dude Perfect",Sometimes,maybe
10/17/2019 11:49:59,Grade 6,30 min - 1 hour,22,"Instagram, Twitch, Hangouts",100-300,Less than once a month or never,2,1,Never,2,5,4,"PewDiePie, Dude Perfect, Lazarbeam",Sometimes,No
10/17/2019 11:51:44,Grade 6,30 min - 1 hour,8,"google hangouts, insta, facebook,discord, wechat,whatsapp, x2 twitch, and x2 youtube",<100,Once a week,5,1,Never,2,5,5,"James Charles, PewDiePie, Dude Perfect",Often,Yes
10/17/2019 11:52:57,Grade 7,1 hour - 2 hours,3,"Instagram, Whatsapp, messenger",100-300,Once a month,3,2,Never,4,3,3,"Lele Pons, Brent Rivera",Often,No
10/17/2019 11:54:37,Grade 6,3 hours - 4 hours,3,"Instagram, Discord, Whatsapp",100-300,Once a day,4,3,Never,3,4,3,"Logan Paul, Dude Perfect, Markiplier",Often,Roblox (3 yrs ago) (don't play anymore)
10/17/2019 12:01:08,Grade 6,3 hours - 4 hours,20,"Instagram, Snapchat, Whatsapp",300-600,Depends when I want to ,5,2,Never,3,4,5,"Liza Koshy, Annie Leblanc",Never,No
10/17/2019 12:04:19,Grade 6,Less than 30 minutes,2,"Tiktok, Wechat",<100,Once a month,3,3,Never,4,1,2,I don't interact with influencers/celebrities,Rarely,No
10/17/2019 12:08:53,Grade 6,3 hours - 4 hours,3,"Instagram, Whatsapp",<100,Less than once a month or never,3,1,Never,2,1,3,I don't interact with influencers/celebrities,Rarely,No
10/17/2019 12:08:56,Grade 6,1 hour - 2 hours,10,"Discord, roblox, wattpad, shellshockers, fanfic.net",<100,Multiple times a day,5,1,Never,5,4,4,none,Rarely,No
10/17/2019 12:09:15,Grade 6,Less than 30 minutes,1,Whatsapp,<100,Less than once a month or never,1,1,Never,1,3,,I don't interact with influencers/celebrities,Never,Yes
10/17/2019 12:09:15,Grade 6,I don't use social media or I rarely use social media (less than once a day),0,I don't use any social media platforms,<100,Less than once a month or never,1,1,Never,1,1,1,I don't interact with influencers/celebrities,Never,No
10/17/2019 12:09:20,Grade 6,I don't use social media or I rarely use social media (less than once a day),0,I don't use any social media platforms,<100,I don't have any so I never post anything,,,Never,1,3,,I don't interact with influencers/celebrities,Never,I never got hacked because I don't have any social medias.
10/17/2019 12:09:24,Grade 6,2 hours - 3 hours,3,"Twitter, Reddit, Whatsapp",<100,Multiple times a day,1,4,Never,1,1,1,I don't interact with influencers/celebrities,Rarely,No
10/17/2019 12:09:41,Grade 6,Less than 30 minutes,3,"Instagram, Discord, Whatsapp",<100,Once a month,4,3,Never,1,3,3,I don't interact with influencers/celebrities,Never,No
10/17/2019 12:10:55,Grade 6,30 min - 1 hour,3,"Instagram, Tiktok, Whatsapp",<100,Less than once a month or never,3,1,Never,3,1,4,,Sometimes,
10/17/2019 12:11:34,Grade 6,2 hours - 3 hours,6,"Discord, Wechat, Google hangouts, though nowdays does not work",600-900,Multiple times a day,3,2,Never,3,4,4,Horchatah and Gentleberry16,Sometimes,No
10/17/2019 12:11:52,Grade 6,1 hour - 2 hours,2,Instagram,>1500,twice a week,3,4,Occasionally,3,2,4,I don't interact with influencers/celebrities,Always,No
10/17/2019 12:12:19,Grade 6,1 hour - 2 hours,5,"Instagram, Whatsapp, youtube",<100,Less than once a month or never,4,1,Never,4,3,3,none ,Rarely,No
10/17/2019 12:12:28,Grade 6,Less than 30 minutes,5,Whatsapp,<100,Less than once a month or never,3,2,Never,1,3,3,I don't interact with influencers/celebrities,Rarely,No
10/17/2019 12:12:44,Grade 6,30 min - 1 hour,3,"Instagram, Tiktok, Wechat",100-300,Less than once a month or never,3,2,Never,3,3,3,non,Rarely,No
10/17/2019 12:16:21,Grade 6,I don't use social media or I rarely use social media (less than once a day),2,"Facebook, Instagram",<100,Less than once a month or never,4,2,Never,2,1,4,,Rarely,No
10/17/2019 12:16:23,Grade 6,I don't use social media or I rarely use social media (less than once a day),1,"Does Scratch count? If it does, the rest of the questions below are all based on my Scratch account.",900-1500,I share a scratch project every month or so,3,3,Never,3,5,5,Myself.,Always,No
10/17/2019 13:05:45,Grade 11,1 hour - 2 hours,,"Discord, Reddit, Whatsapp",100-300,Less than once a month or never,2,1,Never,2,1,3,PewDiePie,Rarely,No
10/17/2019 13:43:22,Grade 10,More than 4 hours,,"Facebook, Instagram, Snapchat",>1500,Multiple times a day,5,5,Every time I post,5,5,5,"James Charles, PewDiePie, Jake Paul",Always,Yes
10/17/2019 13:43:51,Grade 6,I don't use social media or I rarely use social media (less than once a day),0,"Twitter, Reddit",<100,Less than once a month or never,1,1,Never,1,2,3,I don't interact with influencers/celebrities,Never,No
10/17/2019 14:41:29,Grade 6,30 min - 1 hour,3,"Instagram, Tiktok, Wechat",100-300,Less than once a month or never,3,2,Never,3,3,3,non,Rarely,No
10/17/2019 15:00:55,Grade 7,1 hour - 2 hours,1,Whatsapp,<100,Less than once a month or never,5,1,Never,3,4,5,,Always,No
10/17/2019 17:17:09,Grade 8,I don't use social media or I rarely use social media (less than once a day),1,"Discord, reddit sometimes",,Less than once a month or never,4,1,Never,3,3,3,"Yodamotions328, Dropper Mopper Productions, DanTDM",Sometimes,Not no but hell no
10/17/2019 17:38:27,Grade 8,3 hours - 4 hours,7,"Discord, Reddit, Whatsapp",<100,Once a month,3,1,Never,2,3,3,I don't interact with influencers/celebrities,Sometimes,No
10/17/2019 17:48:52,Grade 9,2 hours - 3 hours,4,"Instagram, Discord, Whatsapp",100-300,Less than once a month or never,2,3,Occasionally,5,2,4,"PewDiePie, Liza Koshy, I don't interact with influencers/celebrities",Rarely,No
10/17/2019 18:45:11,Grade 6,2 hours - 3 hours,15,"Instagram, Twitter, Youtube",300-600,Once a day,3,4,Occasionally,5,5,5,I don't interact with influencers/celebrities,Always,Yes
10/17/2019 18:49:51,Grade 7,30 min - 1 hour,2,"Instagram, Wechat, Whatsapp",<100,Once a week,4,2,Never,2,3,5,,Rarely,No
10/17/2019 20:08:51,Grade 7,Less than 30 minutes,1,pushbullet,<100,Less than once a month or never,5,1,Never,4,3,4,PewDiePie,Never,No
10/18/2019 8:04:08,Grade 6,2 hours - 3 hours,,I don't use any social media platforms,,Less than once a month or never,,,Never,1,1,1,I don't interact with influencers/celebrities,Never,No
10/18/2019 8:04:42,Grade 6,Less than 30 minutes,1,Instagram,<100,Less than once a month or never,3,1,Never,2,1,1,I don't interact with influencers/celebrities,Sometimes,No
10/18/2019 8:06:15,Grade 6,Less than 30 minutes,3,"Facebook, Instagram, Whatsapp",<100,Less than once a month or never,3,2,Never,3,4,3,I don't interact with influencers/celebrities,Sometimes,No
10/18/2019 8:06:20,Grade 7,More than 4 hours,4,"Tiktok, Wechat, weibo",<100,Less than once a month or never,4,2,Never,4,1,2,C-Pop/K-pop,Rarely,No
10/18/2019 8:06:26,Grade 9,2 hours - 3 hours,7,"Instagram, Twitter, Reddit",100-300,Less than once a month or never,2,1,Never,4,5,5,PewDiePie,Sometimes,Yes
10/18/2019 8:06:49,Grade 6,Less than 30 minutes,4,"Tiktok, Wechat, Whatsapp",<100,Less than once a month or never,3,1,Never,2,1,3,Jianhao tan,Rarely,No
10/18/2019 8:06:49,Grade 6,30 min - 1 hour,3,"Instagram, Discord, Whatsapp",100-300,Once a month,5,3,Occasionally,3,2,2,"Dude Perfect, Liza Koshy",Sometimes,No
10/18/2019 8:07:06,Grade 9,30 min - 1 hour,1,Instagram,100-300,Once a month,3,2,Never,3,2,2,I don't interact with influencers/celebrities,Rarely,No
10/18/2019 8:07:21,Grade 7,More than 4 hours,15,"Facebook, Wechat, weibo, bilibili",<100,I don't post,4,3,Never,5,5,3,I know none of them,Often,No
10/18/2019 8:07:35,Grade 9,1 hour - 2 hours,,"Instagram, Twitter, Discord",100-300,Less than once a month or never,3,1,Never,3,4,5,"PewDiePie, B-rad, the clash royale community",Often,No
10/18/2019 8:08:18,Grade 9,1 hour - 2 hours,6,"Instagram, Whatsapp, Weibo",100-300,Once a month,3,3,Every time I post,2,1,4,WayV,Sometimes,Yes
10/18/2019 8:09:00,Grade 9,1 hour - 2 hours,9,"Instagram, Whatsapp, Weibo",600-900,Once a month,4,3,Sometimes,3,2,4,"Logan Paul, Liza Koshy, Jake Paul",Often,No
10/18/2019 8:09:08,Grade 9,1 hour - 2 hours,2,"Instagram, Wechat, Whatsapp",100-300,Less than once a month or never,3,2,Never,4,2,4,I don't interact with influencers/celebrities,Sometimes,No
10/18/2019 8:09:17,Grade 9,2 hours - 3 hours,10,Wechat,100-300,Less than once a month or never,3,2,Never,3,2,3,王一博,Rarely,No
10/18/2019 8:09:18,Grade 8,2 hours - 3 hours,5,"Discord, Reddit, Whatsapp",<100,Less than once a month or never,2,1,Never,1,3,3,PewDiePie,Rarely,No
10/18/2019 8:09:29,Grade 9,2 hours - 3 hours,10,Wechat,100-300,Less than once a month or never,3,2,Never,3,2,3,王一博,Rarely,No
10/18/2019 8:09:31,Grade 8,30 min - 1 hour,4,"Tiktok, Discord, Wechat",<100,Less than once a month or never,3,1,Never,3,1,3,"I don't interact with influencers/celebrities, I don't know any of this",Rarely,No
10/18/2019 8:09:50,Grade 9,I don't use social media or I rarely use social media (less than once a day),3,"Tumblr, Wechat, Whatsapp",<100,Less than once a month or never,1,1,Never,1,5,5,I don't interact with influencers/celebrities,Never,No
10/18/2019 8:10:14,Grade 9,30 min - 1 hour,3,"Instagram, Wechat",>1500,Once a month,2,3,Never,3,2,2,I don't interact with influencers/celebrities,Sometimes,No
10/18/2019 8:10:19,Grade 9,2 hours - 3 hours,5,"Instagram, Wechat, Whatsapp",100-300,Less than once a month or never,3,1,Never,3,2,3,I don't interact with influencers/celebrities,Sometimes,No
10/18/2019 8:10:33,Grade 9,1 hour - 2 hours,4,"Instagram, Snapchat, Whatsapp",100-300,Less than once a month or never,3,3,Never,3,3,3,"Lele Pons, Liza Koshy, Juanpa Zurita",Sometimes,No
10/18/2019 8:11:00,Grade 9,3 hours - 4 hours,6,"Instagram, Snapchat, Whatsapp",600-900,Once a month,3,2,Occasionally,4,2,3,,Sometimes,Yes
10/18/2019 8:11:01,Grade 9,1 hour - 2 hours,1,"Instagram, Discord, Whatsapp",300-600,Less than once a month or never,2,1,Never,2,1,4,PewDiePie,Sometimes,No
10/18/2019 8:11:05,Grade 9,2 hours - 3 hours,6,"Instagram, Snapchat, Youtube",100-300,Less than once a month or never,4,3,Never,4,3,4,"PewDiePie, paymoneywuby",Sometimes,No
10/18/2019 8:11:13,Grade 6,30 min - 1 hour,,"Discord, Google Hangouts",<100,Once a month,3,2,Never,2,3,3,I don't interact with influencers/celebrities,Never,Yes
10/18/2019 8:11:15,Grade 9,1 hour - 2 hours,3,"Instagram, Whatsapp",100-300,Less than once a month or never,4,2,Never,2,3,5,I don't interact with influencers/celebrities,Sometimes,No
10/18/2019 8:11:55,Grade 9,More than 4 hours,3,"Instagram, Discord, Whatsapp",100-300,Less than once a month or never,3,1,Never,2,3,5,I don't interact with influencers/celebrities,Never,I don't know
10/18/2019 8:13:31,Grade 9,2 hours - 3 hours,5,"Facebook, Instagram, Whatsapp",300-600,Once a week,5,3,Occasionally,2,4,3,jj lin,Often,Yes
10/18/2019 8:13:49,Grade 8,1 hour - 2 hours,2,"Instagram, Discord, Reddit",300-600,Once a month,4,1,Never,2,3,3,"PewDiePie, Dude Perfect, Jake Paul",Rarely,No
10/18/2019 8:14:01,Grade 6,30 min - 1 hour,4,Youtube,<100,Once a week,1,1,Never,2,4,4,PewDiePie,Rarely,No
10/18/2019 8:14:20,Grade 6,I don't use social media or I rarely use social media (less than once a day),1,I don't use any social media platforms,<100,Less than once a month or never,,1,Occasionally,2,,,I don't interact with influencers/celebrities,Rarely,No
10/18/2019 8:14:52,Grade 9,3 hours - 4 hours,6,"Wechat, Youtube",<100,Less than once a month or never,3,,,4,4,3,,Never,No
10/18/2019 8:15:22,Grade 9,More than 4 hours,5,"Discord, Reddit, Wechat",100-300,Less than once a month or never,4,2,Occasionally,2,4,5,"PewDiePie, Liza Koshy",Never,No
10/18/2019 8:15:24,Grade 6,1 hour - 2 hours,5,"Instagram, Snapchat, Whatsapp",100-300,Once a day,1,5,Never,4,4,4,"James Charles, PewDiePie, Jake Paul",Sometimes,No
10/18/2019 8:16:05,Grade 9,1 hour - 2 hours,5,"Instagram, Twitter, Whatsapp",300-600,Less than once a month or never,4,3,Sometimes,5,5,,"Logan Paul, Jake Paul, Morgz",Sometimes,Yes
10/18/2019 8:20:43,Grade 8,1 hour - 2 hours,2,"Instagram, Discord, Reddit",300-600,Once a month,4,1,Never,2,3,3,"PewDiePie, Dude Perfect, Jake Paul",Rarely,No
10/18/2019 8:20:50,Grade 8,1 hour - 2 hours,2,"Instagram, Discord, Reddit",300-600,Once a month,4,1,Never,2,3,3,"PewDiePie, Dude Perfect, Jake Paul",Rarely,No
10/18/2019 8:22:03,Grade 7,1 hour - 2 hours,6,Instagram,100-300,Once a day,3,2,Occasionally,3,3,3,Loren gray,Never,No
10/18/2019 9:40:46,Grade 8,2 hours - 3 hours,5,"Instagram, Reddit, Whatsapp",<100,Less than once a month or never,5,2,Never,2,3,3,I don't interact with influencers/celebrities,Rarely,No
10/18/2019 12:39:51,Grade 6,Less than 30 minutes,3,"Instagram, Whatsapp, Hangouts",<100,From twice a month to never a month,3,2,Never,2,1,2,"Unspeakable, Unspeakable Gaming, Unspeakable Plays",Sometimes,No
10/18/2019 12:41:58,Grade 9,1 hour - 2 hours,1,"Instagram, Whatsapp",100-300,Less than once a month or never,4,2,Never,3,5,4,I don't interact with influencers/celebrities,Rarely,No
10/18/2019 14:38:21,Grade 10,Less than 30 minutes,5,"Instagram, Discord, Reddit",100-300,Once a week,3,3,Never,2,3,4,"PewDiePie, Markiplier",Rarely,No
10/18/2019 17:01:35,Grade 9,Less than 30 minutes,3,"Instagram, Whatsapp",300-600,Less than once a month or never,4,1,Occasionally,1,1,2,I don't interact with influencers/celebrities,Never,No
10/18/2019 19:07:19,Grade 9,3 hours - 4 hours,2,"Instagram, Tiktok, Discord",300-600,,5,4,Sometimes,5,5,4,I don't interact with influencers/celebrities,Rarely,Yes
10/18/2019 19:20:32,Grade 10,More than 4 hours,,,,,,,,,,,,,
10/18/2019 20:43:26,,,,,,,,,,,,,,,
10/18/2019 22:57:20,Grade 11,2 hours - 3 hours,12,"Instagram, Snapchat, Twitter",300-600,Once a week,4,2,Never,4,2,4,,Often,No
10/19/2019 9:22:25,Grade 6,Less than 30 minutes,2,"Wechat, Whatsapp",,Less than once a month or never,5,1,Never,2,3,4,None,Never,No
10/19/2019 13:02:53,Grade 9,30 min - 1 hour,2,"Snapchat, Tiktok, Whatsapp",600-900,Less than once a month or never,4,3,Occasionally,3,2,4,PewDiePie,Sometimes,
10/20/2019 0:23:22,Grade 9,More than 4 hours,11,"Instagram, Discord, Whatsapp",300-600,Multiple times a day,4,2,Never,3,4,4,"PewDiePie, SSundee and Captainsparklez",Rarely,No
10/20/2019 15:32:38,Grade 10,2 hours - 3 hours,5,"Instagram, Twitter, Whatsapp",100-300,Less than once a month or never,3,1,Never,4,4,4,"PewDiePie, NairoMK, The Cosmonaut Picture Show",Rarely,Yes
10/20/2019 20:52:31,Grade 10,Less than 30 minutes,6,"Discord, Whatsapp, Twitch",<100,Less than once a month or never,2,1,Never,1,4,4,I don't interact with influencers/celebrities,Rarely,No
10/20/2019 23:59:12,Grade 7,I don't use social media or I rarely use social media (less than once a day),0,Whatsapp,<100,Less than once a month or never,,,Never,1,,,,Never,No
10/21/2019 10:19:04,Grade 9,3 hours - 4 hours,9,"Instagram, Discord, Whatsapp",300-600,Less than once a month or never,5,2,Occasionally,2,2,4,"PewDiePie, Liza Koshy, Juanpa Zurita",Rarely,No
10/21/2019 14:54:17,Grade 7,30 min - 1 hour,2,Reddit,<100,Once a week,1,1,Never,5,3,5,I don't interact with influencers/celebrities,Often,No
10/21/2019 21:52:07,Grade 9,1 hour - 2 hours,,"Instagram, Tumblr, Whatsapp",100-300,Less than once a month or never,2,1,Never,4,2,3,"PewDiePie, Dude Perfect, Markiplier",Rarely,No
10/22/2019 8:50:24,Grade 12,3 hours - 4 hours,8,"Instagram, Snapchat, Discord",100-300,Less than once a month or never,3,1,Never,5,1,4,PewDiePie,Often,No
10/22/2019 9:47:32,Grade 11,3 hours - 4 hours,4,"Instagram, Snapchat, Whatsapp",100-300,Less than once a month or never,3,2,Never,4,1,3,Huda Beauty,Rarely,No
10/22/2019 10:31:27,Grade 6,More than 4 hours,26,"Instagram, Discord, https:// bing.com",600-900,Multiple times a day,,,,,,,,,
10/22/2019 11:38:09,Grade 6,I don't use social media or I rarely use social media (less than once a day),2,"Instagram, Discord",,Less than once a month or never,4,1,Never,1,1,3,I don't interact with influencers/celebrities,Never,No
10/22/2019 11:39:27,Grade 6,1 hour - 2 hours,2,"Discord, Whatsapp, youtube",<100,does whatsapp count?,4,4,Occasionally,3,4,4,"Dude Perfect, Chad, Vy, Daniel, Regina, X1, Grav Gang",Sometimes,Yes
10/22/2019 11:52:02,Grade 6,30 min - 1 hour,4,"Instagram, Snapchat, Whatsapp",100-300,Once a month,3,3,Never,3,2,3,black pink and bts,Rarely,No
10/22/2019 11:52:02,Grade 6,30 min - 1 hour,4,"Instagram, Snapchat, Whatsapp",100-300,Once a week,3,3,Never,2,2,,bts and blackpink,Rarely,No
10/22/2019 14:47:23,Grade 6,More than 4 hours,100,"Facebook, Tiktok, Twitch",<100,Multiple times a day,5,5,Never,5,5,5,"Daniel Radcliff, Emma Waston, Tom felton, Rupert Grint",Always,Yes
10/22/2019 16:36:10,Grade 6,More than 4 hours,2202132132141545632,"Tiktok, Tumblr, Reddit",<100,Multiple times a day,1,5,Every time I post,5,5,5,"James Charles, PewDiePie, Dude Perfect",Always,Yes
10/22/2019 22:06:39,Grade 7,3 hours - 4 hours,2,Whatsapp,<100,Once a week,4,1,Never,3,4,5,"Dude Perfect, Lele Pons, Brent Rivera",Never,No
10/22/2019 22:30:16,Grade 6,3 hours - 4 hours,19,"Instagram, Discord, Whatsapp",100-300,Once a month,3,2,Never,5,3,4,"James Charles, PewDiePie, jeffree star & shane dawson",Often,Yes
10/23/2019 9:34:56,Grade 9,1 hour - 2 hours,6,"Instagram, Whatsapp",100-300,Less than once a month or never,3,1,Never,2,1,3,I don't interact with influencers/celebrities,Sometimes,No
10/23/2019 11:04:52,Grade 6,I don't use social media or I rarely use social media (less than once a day),2,I don't use any social media platforms,<100,never,,,Never,,,,never,,